{
  "marker_ids": [
    0,
    1,
    2,
    3
  ],
  "marker_centers": {
    "1": [
      413.0,
      267.5
    ],
    "0": [
      492.0,
      155.0
    ],
    "2": [
      320.0,
      48.0
    ],
    "3": [
      251.5,
      141.0
    ]
  },
  "circle_center_px": [
    371.36164303383345,
    155.61917393545536
  ],
  "circle_radius_px": 120.0,
  "marker_offsets": {
    "1": [
      41.638356966166555,
      111.88082606454464
    ],
    "0": [
      120.63835696616655,
      -0.6191739354553647
    ],
    "2": [
      -51.361643033833445,
      -107.61917393545536
    ],
    "3": [
      -119.86164303383345,
      -14.619173935455365
    ]
  }
}