{
  "marker_ids": [
    0,
    1,
    2,
    3
  ],
  "marker_centers": {
    "2": [
      318.5,
      235.25
    ],
    "0": [
      89.0,
      240.5
    ],
    "1": [
      98.75,
      91.75
    ],
    "3": [
      323.75,
      105.5
    ]
  },
  "circle_center_px": [
    204.50084895009215,
    170.04123148922446
  ],
  "circle_radius_px": 133.5,
  "marker_offsets": {
    "2": [
      113.99915104990785,
      65.20876851077554
    ],
    "0": [
      -115.50084895009215,
      70.45876851077554
    ],
    "1": [
      -105.75084895009215,
      -78.29123148922446
    ],
    "3": [
      119.24915104990785,
      -64.54123148922446
    ]
  }
}