{
  "marker_ids": [
    0,
    1,
    2,
    3
  ],
  "marker_centers": {
    "1": [
      226.75,
      227.5
    ],
    "3": [
      96.0,
      112.25
    ],
    "0": [
      301.0,
      134.75
    ],
    "2": [
      164.25,
      40.0
    ]
  },
  "circle_center_px": [
    197.63583981622864,
    132.74201815172665
  ],
  "circle_radius_px": 101.2,
  "marker_offsets": {
    "1": [
      29.11416018377136,
      94.75798184827335
    ],
    "3": [
      -101.63583981622864,
      -20.492018151726654
    ],
    "0": [
      103.36416018377136,
      2.007981848273346
    ],
    "2": [
      -33.38583981622864,
      -92.74201815172665
    ]
  }
}